epoch,accuracy,loss,val_accuracy,val_loss
0,0.3507475256919861,1.7934887409210205,0.24781732261180878,1.8361862897872925
1,0.43860238790512085,1.4776593446731567,0.37407657504081726,1.705021858215332
2,0.536368191242218,1.2255823612213135,0.4539959728717804,1.5111030340194702
3,0.5958340167999268,1.1044399738311768,0.4184015989303589,1.6161049604415894
4,0.6443809866905212,0.9584384560585022,0.4499664306640625,1.5969136953353882
5,0.732235848903656,0.7220855355262756,0.4795164465904236,2.0854711532592773
6,0.7208130359649658,0.7723937630653381,0.45668232440948486,1.9943419694900513
7,0.7342516183853149,0.7331323623657227,0.45668232440948486,1.6880240440368652
