epoch,accuracy,loss,val_accuracy,val_loss
0,0.2946413457393646,4.923088550567627,0.1705842912197113,2660.974609375
1,0.3270619809627533,2.8959593772888184,0.20282068848609924,5.575172424316406
2,0.37812867760658264,2.2384934425354004,0.1705842912197113,152.26248168945312
3,0.3606584966182709,2.281386375427246,0.1705842912197113,458.7486267089844
4,0.36552998423576355,2.254615306854248,0.17125587165355682,20.31676483154297
5,0.37392911314964294,2.209841728210449,0.1705842912197113,19.409027099609375
6,0.38535192608833313,2.2009661197662354,0.1705842912197113,737.4110107421875
