epoch,accuracy,loss,val_accuracy,val_loss
0,0.366537868976593,1.5318288803100586,0.1705842912197113,2.4544153213500977
1,0.49134889245033264,1.2736639976501465,0.29147079586982727,1.9058928489685059
2,0.6005375385284424,1.0239840745925903,0.4244459271430969,1.539450764656067
3,0.7287082076072693,0.7529646158218384,0.34654131531715393,2.4734344482421875
4,0.802788496017456,0.5428600907325745,0.4150436520576477,1.9831339120864868
5,0.844784140586853,0.443507581949234,0.3062458038330078,3.2748751640319824
6,0.8714933395385742,0.3709965646266937,0.26393553614616394,3.243347644805908
7,0.8899714350700378,0.3061627149581909,0.45130959153175354,2.2433688640594482
