epoch,accuracy,loss,val_accuracy,val_loss
0,0.3423483967781067,1.5537505149841309,0.1705842912197113,2.492666244506836
1,0.4599361717700958,1.337823510169983,0.22498321533203125,2.288748264312744
2,0.5548462867736816,1.1364892721176147,0.4506380259990692,1.3157427310943604
3,0.6463967561721802,0.9478578567504883,0.4056413769721985,1.674910068511963
4,0.7159415483474731,0.7730826139450073,0.34788447618484497,2.042778491973877
5,0.7812867164611816,0.6031900644302368,0.48757556080818176,1.592728853225708
6,0.846127986907959,0.45553040504455566,0.43049025535583496,1.8108782768249512
7,0.8812363743782043,0.35047829151153564,0.474815309047699,1.7909139394760132
