epoch,accuracy,loss,val_accuracy,val_loss
0,0.3048882782459259,2.2964279651641846,0.1658831387758255,2.7221810817718506
1,0.4296993017196655,1.5825872421264648,0.1920752227306366,2.496717691421509
2,0.5461112260818481,1.219939112663269,0.3666890561580658,1.839877724647522
3,0.6813371181488037,0.8926093578338623,0.22565479576587677,4.602560043334961
4,0.7942214012145996,0.5923869609832764,0.4311618506908417,2.563016891479492
5,0.8422644138336182,0.4384934604167938,0.30758899450302124,5.736125469207764
6,0.8892995119094849,0.3311571478843689,0.3263935446739197,4.610963344573975
7,0.9096254110336304,0.266065776348114,0.3962390720844269,3.8926796913146973
