epoch,accuracy,loss,val_accuracy,val_loss
0,0.3428523540496826,1.7729079723358154,0.1705842912197113,2.8910880088806152
1,0.47270283102989197,1.3657561540603638,0.22498321533203125,2.136882781982422
2,0.6017134189605713,1.0596108436584473,0.36534586548805237,1.817836046218872
3,0.7216529250144958,0.7673303484916687,0.29952988028526306,2.6820616722106934
4,0.6774735450744629,0.8928859829902649,0.38146406412124634,1.962968349456787
5,0.7438266277313232,0.7239624857902527,0.4103425145149231,2.6364450454711914
6,0.8898034691810608,0.3154783546924591,0.42578911781311035,2.7667152881622314
7,0.8101797699928284,0.5564476847648621,0.4325050413608551,2.1399102210998535
