epoch,accuracy,loss,val_accuracy,val_loss
0,0.17621366679668427,1.9471778869628906,0.1705842912197113,3.054455280303955
1,0.1836049109697342,1.8993676900863647,0.1705842912197113,2.373633623123169
2,0.16075928509235382,1.9085956811904907,0.1705842912197113,3.1263301372528076
3,0.16596673429012299,1.9137300252914429,0.1705842912197113,2.783195972442627
4,0.17453384399414062,1.9081250429153442,0.14640697836875916,3.194899082183838
5,0.1637829691171646,1.9160997867584229,0.14640697836875916,2.943153142929077
6,0.15907946228981018,1.9171741008758545,0.1705842912197113,3.1127877235412598
