epoch,accuracy,loss,val_accuracy,val_loss
0,0.29161766171455383,1.6845719814300537,0.29818668961524963,1.6718672513961792
1,0.33226943016052246,1.5753103494644165,0.3398253917694092,1.5201078653335571
2,0.351251482963562,1.5495692491531372,0.32572194933891296,1.6135293245315552
3,0.36015453934669495,1.533217430114746,0.3055742084980011,1.6351827383041382
4,0.3635141849517822,1.5243124961853027,0.28945600986480713,1.7929631471633911
5,0.3836720883846283,1.5090371370315552,0.32169240713119507,1.7099945545196533
6,0.3962707817554474,1.48203706741333,0.2182672917842865,1.7230055332183838
