epoch,accuracy,loss,val_accuracy,val_loss
0,0.3275659382343292,1.6132830381393433,0.19140362739562988,1.8715249300003052
1,0.4268436133861542,1.4305965900421143,0.2666218876838684,1.7289484739303589
2,0.46497565507888794,1.3438493013381958,0.18535929918289185,3.047992467880249
3,0.49168485403060913,1.2946627140045166,0.18065816164016724,2.7058441638946533
4,0.506467342376709,1.2568044662475586,0.17125587165355682,3.108682155609131
5,0.5395599007606506,1.1852591037750244,0.2222968488931656,2.218862533569336
6,0.5566940903663635,1.1386383771896362,0.1920752227306366,2.625469207763672
