epoch,accuracy,loss,val_accuracy,val_loss
0,0.2594786584377289,1.9292786121368408,0.1745283007621765,2.4412288665771484
1,0.3258293867111206,1.548242449760437,0.1745283007621765,2.4653360843658447
2,0.4087677597999573,1.4878987073898315,0.23113207519054413,2.7571396827697754
3,0.4218009412288666,1.4134234189987183,0.1745283007621765,2.57271146774292
4,0.44194313883781433,1.3702844381332397,0.2216981202363968,2.583434581756592
5,0.47156399488449097,1.3153926134109497,0.1745283007621765,2.4823555946350098
