epoch,accuracy,loss,val_accuracy,val_loss
0,0.25,6.49266242980957,0.1037735864520073,731626.9375
1,0.28436020016670227,3.0665206909179688,0.18396227061748505,30202.236328125
2,0.35545024275779724,3.2500762939453125,0.18396227061748505,739.6494750976562
3,0.3400473892688751,2.9771931171417236,0.1745283007621765,29088.189453125
4,0.3886255919933319,2.393136978149414,0.19339622557163239,76613.328125
5,0.4028435945510864,2.144036054611206,0.19339622557163239,344455.34375
6,0.41824644804000854,1.800589919090271,0.19339622557163239,57103.84765625
7,0.4265402853488922,1.7408113479614258,0.19339622557163239,22885.484375
