epoch,accuracy,loss,val_accuracy,val_loss
0,0.2630331814289093,1.978875994682312,0.19339622557163239,2.2216053009033203
1,0.3507108986377716,1.5394476652145386,0.23113207519054413,2.1441597938537598
2,0.3507108986377716,1.5386239290237427,0.17924527823925018,2.0975167751312256
3,0.3744075894355774,1.4707520008087158,0.2216981202363968,2.2013349533081055
4,0.4099526107311249,1.4168319702148438,0.2216981202363968,2.2731070518493652
5,0.4277251064777374,1.444082260131836,0.20283019542694092,2.188159227371216
6,0.4004739224910736,1.4533560276031494,0.2216981202363968,2.1553232669830322
7,0.4218009412288666,1.3728716373443604,0.19811320304870605,2.1583569049835205
