epoch,accuracy,loss,val_accuracy,val_loss
0,0.27843600511550903,1.7525616884231567,0.20283019542694092,2.1818220615386963
1,0.39573460817337036,1.4169102907180786,0.2075471729040146,1.808007836341858
2,0.4845971465110779,1.2514123916625977,0.38679245114326477,1.685373306274414
3,0.6386256217956543,0.9620950222015381,0.35849055647850037,2.0473976135253906
4,0.728672981262207,0.7188957333564758,0.36320754885673523,2.331566095352173
5,0.7819905281066895,0.5350188612937927,0.16509434580802917,3.3221752643585205
6,0.8637440800666809,0.40160930156707764,0.2688679099082947,2.968946695327759
7,0.8921800851821899,0.27145621180534363,0.3396226465702057,3.797658681869507
