epoch,accuracy,loss,val_accuracy,val_loss
0,0.17890995740890503,6.677806854248047,0.20283019542694092,27.76921272277832
1,0.18246445059776306,3.1625053882598877,0.19339622557163239,6.910189628601074
2,0.2109004706144333,2.7602381706237793,0.20283019542694092,2.387394666671753
3,0.18246445059776306,2.840193271636963,0.1320754736661911,3.307694435119629
4,0.19194312393665314,2.9631283283233643,0.19339622557163239,8.871880531311035
5,0.17772512137889862,3.139561176300049,0.18396227061748505,18.0721435546875
6,0.1872037947177887,3.181520462036133,0.18396227061748505,25.15044403076172
7,0.19194312393665314,3.1472678184509277,0.14150942862033844,11.04636001586914
