epoch,accuracy,loss,val_accuracy,val_loss
0,0.27132701873779297,3.533634662628174,0.1745283007621765,2.9669272899627686
1,0.42890995740890503,2.114274740219116,0.33018869161605835,1.6425284147262573
2,0.5462085604667664,1.5590479373931885,0.18867924809455872,1.85646653175354
3,0.6255924105644226,1.1736916303634644,0.3537735939025879,1.9030358791351318
4,0.7594786882400513,0.7192652821540833,0.28773584961891174,2.2242579460144043
5,0.8258293867111206,0.5147861242294312,0.400943398475647,1.933146595954895
6,0.8684834241867065,0.41556721925735474,0.40566039085388184,2.2010281085968018
