epoch,accuracy,loss,val_accuracy,val_loss
0,0.17180094122886658,6.239419460296631,0.1603773534297943,5.190014362335205
1,0.18246445059776306,2.593052387237549,0.1603773534297943,3.0945000648498535
2,0.17772512137889862,2.090371608734131,0.1603773534297943,4.23445987701416
3,0.1741706132888794,2.2582218647003174,0.1037735864520073,4.379911422729492
4,0.16469193994998932,2.3861186504364014,0.1037735864520073,3.3682827949523926
5,0.18364928662776947,2.299675226211548,0.1037735864520073,4.706182956695557
6,0.18009479343891144,2.1593639850616455,0.13679245114326477,3.1127989292144775
