epoch,accuracy,loss,val_accuracy,val_loss
0,0.23222748935222626,1.9014757871627808,0.19339622557163239,2.2123115062713623
1,0.299763023853302,1.6527061462402344,0.19339622557163239,2.7050442695617676
2,0.27962085604667664,1.6648163795471191,0.19339622557163239,2.588038206100464
3,0.3234597146511078,1.6073436737060547,0.19339622557163239,2.9398465156555176
4,0.3104265332221985,1.592060923576355,0.19339622557163239,2.8869214057922363
5,0.3471564054489136,1.5210334062576294,0.18396227061748505,2.8248448371887207
